Year,Name,College,POS,Height (in),Weight (lbs),Hand Size (in),Arm Length (in),Wonderlic,40 Yard,Bench Press,Vert Leap (in),Broad Jump (in),Shuttle,3Cone,60Yd Shuttle ▾
2022,DEriq King,Miami (FL),WR,68.75,196,9.25,28.88,,,,,,,,
2022,John Metchie,Alabama,WR,71.25,187,9.25,30.63,,,,,,,,
2022,Jameson Williams,Alabama,WR,73.5,179,9.25,32.13,,,,,,,,
2022,Romeo Doubs,Nevada,WR,73.88,201,10,32.25,,,,,,,,
2022,Drake London,Southern California,WR,75.88,219,9.38,33,,,,,,,,
2022,Justyn Ross,Clemson,WR,75.63,205,9.63,32.13,,,11,,,,,
2022,Josh Johnson,Tulsa (OK),WR,70.5,179,8.63,32.25,,4.62,14,,,,,
2022,Reggie Roberson,Southern Methodist (TX),WR,71,192,9.5,32.63,,,,29,114,,,
2022,Slade Bolden,Alabama,WR,70.63,193,9.75,29.38,,4.66,,32,116,,,
2022,Charleston Rambo,Miami (FL),WR,72.63,177,9.75,32,,4.57,,33.5,118,,,
2022,WanDale Robinson,Kentucky,WR,68,178,9,27.63,,4.44,,34.5,118,,,
2022,Velus Jones,Tennessee,WR,71.75,204,9.75,30.88,,4.31,,33,121,,,
2022,Braylon Sanders,Mississippi,WR,72.13,194,10,31.5,,4.48,,34.5,121,,,
2022,Dontario Drummond,Mississippi,WR,72.88,215,9.25,31.5,,4.65,,34,122,,,
2022,Chris Olave,Ohio State,WR,72.38,187,9.5,31.13,,4.39,,32,124,,,
2022,Kyle Philips,UCLA,WR,71.25,189,8.63,29.63,,4.58,,33.5,124,,,
2022,George Pickens,Georgia,WR,75.25,195,8.75,32.38,,4.47,,33,125,,,
2022,Danny Gray,Southern Methodist (TX),WR,71.88,186,9.63,31.88,,4.33,,34,126,,,
2022,Tyquan Thornton,Baylor,WR,74.38,181,8.25,33.25,,4.28,,36.5,130,,,
2022,Devon Williams,Oregon,WR,77,210,9.88,34.13,,4.65,,33,133,,,
2022,Isaiah Weston,Northern Iowa,WR,75.5,214,9.5,32.5,,4.42,20,40,135,,,
2022,Christian Watson,North Dakota State,WR,76.13,208,10.13,32.5,,4.36,,38.5,136,,,
2022,Makai Polk,Mississippi State,WR,75.13,195,9.5,32.25,,4.59,,31,119,4.36,,
2022,Garrett Wilson,Ohio State,WR,71.75,183,9.88,32,,4.38,,36,123,4.36,,
2022,Erik Ezukanma,Texas Tech,WR,73.88,209,9.38,33.5,,,,36.5,126,4.38,,
2022,Calvin Austin,Memphis,WR,67.75,170,9.25,30,,4.32,,39,135,4.07,6.65,
2022,Kevin Austin,Notre Dame,WR,74.38,200,9,32.88,,4.43,,39,132,4.15,6.71,
2022,Bo Melton,Rutgers,WR,71,189,9,31.25,,4.34,,38,121,,6.98,
2022,Jalen Nailor,Michigan State,WR,71.25,186,9.13,30.25,,4.5,,38,128,4.28,7.03,
2022,Michael Woods,Oklahoma,WR,73.5,203,9.63,33.25,,4.55,,34.5,125,4.46,7.07,
2022,Jalen Tolbert,South Alabama,WR,73.63,193,10,32.63,,4.49,,36,123,4.24,7.08,
2022,Alec Pierce,Cincinnati,WR,75.13,211,9,33,,4.41,,40.5,129,4.28,7.13,
2022,Skyy Moore,Western Michigan,WR,69.63,195,10.25,31,,4.41,,34.5,125,4.32,7.13,
2022,David Bell,Purdue,WR,72.88,212,9.25,31.88,,4.68,,33,118,4.57,7.14,
2022,Ty Fryfogle,Indiana,WR,73.13,209,9.75,30.88,,4.53,13,39,127,4.47,7.15,
2022,Johnny Johnson,Oregon,WR,71.88,197,9.75,30.5,,4.6,,32,121,4.54,7.21,
2022,Jahan Dotson,Penn State,WR,70.63,178,9.5,30.75,,4.43,,36,121,,7.28,
2022,Khalil Shakir,Boise State,WR,71.88,196,9.5,29,,4.43,,34.5,124,4.21,7.28,
2022,Treylon Burks,Arkansas,WR,73.88,224,9.75,33.5,,4.55,12,33,122,4.4,7.28,
2022,DaiJean Dixon,Nicholls State (LA),WR,74.63,205,9.5,32.38,,4.62,,34,125,4.42,7.28,
2022,Tre Turner,Virginia Tech,WR,73.38,184,8.5,30.75,,4.51,,30,113,4.53,7.45,
2021,Jonathan Adams,Arkansas State,WR,74,210,9.875,32.125,,4.59,,39,132,4.38,7.04,
2021,Tutu Atwell,Louisville,WR,68.88,155,8.875,29.25,,4.39,,33,117,4.09,6.87,
2021,Jhamon Ausbon,Texas A&M,WR,74.38,217,9.875,32.375,,4.72,,33,118,4.28,6.89,
2021,Kawaan Baker,South Alabama,WR,72.5,210,10.75,32.375,,4.45,21,39.5,129,4.41,7.42,
2021,Rashod Bateman,Minnesota,WR,72.38,190,9.5,33,,4.43,,36,123,4.35,6.95,
2021,Tarik Black,Texas,WR,74.75,213,9.75,33.75,,4.54,15,40,132,4.26,6.91,
2021,Rico Bussey,Hawaii,WR,72.38,186,10.125,33,,4.5,13,38.5,124,4.26,7.21,
2021,Jalen Camp,Georgia Tech,WR,73.88,226,9.625,33.75,,4.48,29,39.5,125,4.14,7,
2021,JaMarr Chase,Louisiana State,WR,72.38,201,9.625,30.75,,4.34,,41,132,3.99,6.96,
2021,Nico Collins,Michigan,WR,76.13,215,9.375,34.125,,4.45,14,37.5,125,4.32,6.79,
2021,Donnie Corley,Texas Southern,WR,73.75,195,9.25,32.375,,4.59,13,34,123,4.29,6.83,
2021,Damonte Coxie,Memphis,WR,74.13,198,8.75,33.25,,4.77,4,30.5,122,4.45,6.92,
2021,Frank Darby,Arizona State,WR,72,201,9.625,31.375,,4.61,19,34.5,117,4.23,7.15,
2021,Jaelon Darden,North Texas,WR,67.63,174,8.75,30.625,,4.46,11,35.5,122,4.1,6.67,
2021,DWayne Eskridge,Western Michigan,WR,68.75,190,9,30.125,,4.4,,35,124,4.27,6.95,
2021,Dez Fitzpatrick,Louisville,WR,73.75,208,9.625,32.75,,4.49,,35,100,4.25,7.06,
2021,Bailey Gaither,San Jose State,WR,72,188,9.25,31,,4.48,9,31,121,4.39,7.07,
2021,Trevon Grimes,Florida,WR,76,220,9.625,31.375,,4.5,15,35,118,4.26,7,
2021,Adrian Hardy,Louisiana Tech,WR,73,205,9.375,32,,4.61,12,37.5,124,4.5,6.96,
2021,Jacob Harris,Central Florida,WR,77,219,9.5,33.75,,4.43,15,40.5,133,4.31,6.51,
2021,Damon Hazelton,Missouri,WR,74.75,206,9.875,33.375,,4.64,,37.5,120,4.32,7.11,
2021,Josh Imatorbhebhe,Illinois,WR,72.88,218,9.25,32.375,,4.53,24,46.5,134,4.38,7.1,
2021,Warren Jackson,Colorado State,WR,78,219,9.375,33.5,,4.72,11,33.5,123,4.51,7.71,
2021,Terrell Jana,Virginia,WR,71.13,195,9.125,31.75,,4.69,17,32,110,4.13,7.05,
2021,Cade Johnson,South Dakota State,WR,70.63,184,9.375,29.25,,4.51,11,35,114,,,
2021,Tim Jones,Southern Mississippi,WR,72.75,203,9.5,31.375,,4.47,17,40,124,4.14,7.02,
2021,Branden Mack,Temple,WR,77,217,9.25,32.125,,4.66,11,31,115,4.37,7.13,
2021,Terrace Marshall,Louisiana State,WR,74.5,205,9.5,32.75,,4.4,19,39,125,,,
2021,Khalil McClain,Troy (AL),WR,74.88,214,9.625,31.875,,4.7,15,32,114,4.5,7.72,
2021,Racey McMath,Louisiana State,WR,74.5,211,8.875,32,,4.39,,34,125,4.4,7.37,
2021,Osirus Mitchell,Mississippi State,WR,77,206,10.875,34.375,,4.61,12,35.5,128,4.34,7.12,
2021,Elijah Moore,Mississippi,WR,69.5,178,9.375,30.125,,4.35,17,36,121,4,6.67,
2021,Rondale Moore,Purdue,WR,67,181,8.75,28.25,,4.32,,42.5,126,4.1,6.68,
2021,Dazz Newsome,North Carolina,WR,70.13,190,9,29.875,,4.59,12,34,121,4.39,7.39,
2021,Tre Nixon,Central Florida,WR,72.13,187,9.125,31.75,,4.44,18,35.5,125,4.25,6.81,
2021,Antonio Nunn,Buffalo,WR,71,204,8.875,31,,4.5,15,33.5,120,4.32,7.12,
2021,Josh Palmer,Tennessee,WR,73.25,210,9.625,33,,4.52,,34,124,4.24,6.98,
2021,Whop Philyor,Indiana,WR,69.63,184,9.25,30.625,,4.58,14,31,120,4.38,7.2,
2021,Cornell Powell,Clemson,WR,72.25,204,10,32.75,,4.53,16,36.5,128,4.21,7.03,
2021,Blake Proehl,East Carolina (NC),WR,73.88,186,9,31.5,,4.47,12,36,126,4.2,7,
2021,Amari Rodgers,Clemson,WR,69.5,212,9.5,30.375,,4.52,19,33,121,4.31,7.07,
2021,T.J. Simmons,West Virginia,WR,73.38,208,9.375,32,,4.59,13,32,120,4.55,7.22,
2021,Bennett Skowronek,Notre Dame,WR,74.88,220,10.125,33.25,,,13,,118,,,
2021,Brandon Smith,Iowa,WR,73.38,218,9.375,34.25,,4.64,21,39,130,,,
2021,DeVonta Smith,Alabama,WR,72.25,170,9.25,31.875,,,,,131,,,
2021,Shi Smith,South Carolina,WR,69.5,186,9.75,31.875,,4.46,,36,123,4.22,6.79,
2021,Ihmir Smith-Marsette,Iowa,WR,72.75,181,9.75,30.75,,4.5,10,37,124,4.23,7.06,
2021,Amon-Ra St. Brown,Southern California,WR,71.5,197,9.125,30.375,,4.61,20,38.5,127,4.26,6.9,
2021,Marquez Stevenson,Houston,WR,70.13,180,8.625,31.5,,4.48,,33,122,4.21,6.86,
2021,Dillon Stoner,Oklahoma State,WR,72.13,194,9,30.875,,4.57,16,37,123,4.18,6.95,
2021,Eli Stove,Auburn,WR,71.38,194,9.125,32.125,,4.54,14,30.5,119,4.4,7.34,
2021,Mike Strachan,Charleston (WV),WR,77.38,226,10,34.25,,4.54,20,35,127,4.36,6.96,
2021,Sage Surratt,Wake Forest,WR,74.5,209,9,32.25,,4.7,,,115,4.25,,
2021,Kadarius Toney,Florida,WR,71.63,193,9.25,31.25,,4.38,9,39.5,136,4.23,6.88,
2021,Austin Trammell,Rice (TX),WR,70.13,181,9.5,28.125,,4.62,21,40,124,4.11,6.75,
2021,T.J. Vasher,Texas Tech,WR,77.63,203,10.25,35.625,,,,37,121,,,
2021,Tyler Vaughns,Southern California,WR,74,184,9.5,32.875,,4.69,7,31.5,120,4.4,7.15,
2021,Jaylen Waddle,Alabama,WR,69.5,180,9.125,30.375,,,,,122,,,
2021,Tylan Wallace,Oklahoma State,WR,71.38,194,9.75,30.375,,4.5,11,33,112,4.25,6.97,
2021,Austin Watkins,Alabama-Birmingham,WR,73.5,209,9.625,31.75,,4.56,18,,133,,,
2021,Marlon Williams,Central Florida,WR,71.25,209,8.875,31,,4.66,14,33.5,119,4.57,,
2021,Seth Williams,Auburn,WR,75,211,9.875,33.5,,4.49,12,37,124,4.43,7.2,
2020,Brandon Aiyuk,Arizona State,WR,71.63,205,9.75,33.5,,4.5,11,40,128,,,
2020,Omar Bayless,Arkansas State,WR,72.75,212,9,31.88,,4.62,11,36,123,4.5,7.35,
2020,Lawrence Cager,Georgia,WR,76.75,220,8.88,33.38,,,,,,,,
2020,Marquez Callaway,Tennessee,WR,73.25,205,9.38,32.38,,4.55,,38,126,,,
2020,Quintez Cephus,Wisconsin,WR,72.88,202,8.75,32.13,,4.73,23,38.5,124,4.33,7.2,
2020,Chase Claypool,Notre Dame,WR,76.25,238,9.88,32.5,,4.42,19,40.5,126,,,
2020,Tyrie Cleveland,Florida,WR,74,205,9.13,32.88,,4.46,13,39.5,126,,,
2020,Isaiah Coulter,Rhode Island,WR,73.88,198,9,31.75,,4.45,,36,121,4.62,7.28,
2020,Gabriel Davis,Central Florida,WR,74,216,9.25,32.25,,4.54,14,35,124,4.59,7.08,
2020,Quartney Davis,Texas A&M,WR,73.25,201,9.5,31.38,,4.54,,35.5,,,,
2020,Devin Duvernay,Texas,WR,70.5,200,9.5,30.63,,4.39,,35.5,123,4.2,7.13,
2020,Bryan Edwards,South Carolina,WR,74.75,212,9.5,32.25,,,,,,,,
2020,Chris Finke,Notre Dame,WR,70,184,9,29,,4.57,7,40,,,,
2020,Aaron Fuller,Washington,WR,70.75,188,8.88,29.75,,4.59,,34,118,,7.14,
2020,Antonio Gandy-Golden,Liberty (VA),WR,76,223,9.63,31.75,,4.6,22,36,127,4.55,7.33,
2020,Stephen Guidry,Mississippi State,WR,76,200,9.13,32.75,,4.47,,34,125,4.46,7.31,
2020,K.J. Hamler,Penn State,WR,68.63,178,9.38,30.75,,,15,,,,,
2020,Tee Higgins,Clemson,WR,75.63,216,9.25,34.13,,4.59,,31,10,4.53,,
2020,John Hightower,Boise State,WR,73.5,189,9.75,31.5,,4.43,,38.5,122,4.21,7.07,
2020,K.J. Hill,Ohio State,WR,71.88,196,9.25,29.13,,4.6,17,32.5,114,,,
2020,Isaiah Hodgins,Oregon State,WR,75.63,210,9.88,33.13,,4.61,9,36.5,124,4.12,7.01,
2020,Trishton Jackson,Syracuse,WR,72.75,197,9.75,32.38,,4.5,,36,117,,,
2020,Justin Jefferson,Louisiana State,WR,73.25,202,9.13,33,,4.43,,37.5,126,,,
2020,Van Jefferson,Florida,WR,73.5,200,9.13,32.75,,,,,,,,
2020,Jauan Jennings,Tennessee,WR,75.13,215,9,31.63,,4.72,,29,119,,,
2020,Jerry Jeudy,Alabama,WR,73,193,9.5,32.13,,4.45,,35,120,4.53,,
2020,Collin Johnson,Texas,WR,77.63,222,9,31.75,,,17,,,,,
2020,Juwan Johnson,Oregon,WR,76,230,10.5,34.25,,4.58,14,33,124,4.37,6.94,
2020,Tyler Johnson,Minnesota,WR,73.38,206,9,30.88,,,,,,,,
2020,Tony Jones,Notre Dame,WR,71,224,9.5,30.63,,4.68,13,32.5,119,4.21,7.18,
2020,Cedarian Lamb,Oklahoma,WR,73.63,198,9.25,32.25,,4.5,11,34.5,124,,,
2020,Kalija Lipscomb,Vanderbilt,WR,71.88,207,9.38,32.88,,4.57,16,32,127,,,
2020,Austin Mack,Ohio State,WR,73.5,208,10,33.63,,4.59,,31.5,117,4.42,,
2020,Denzel Mims,Baylor,WR,74.88,207,9.38,33.88,,4.38,16,38.5,131,4.43,6.66,
2020,Darnell Mooney,Tulane (LA),WR,70,176,9.63,30.88,,4.38,9,37,124,,,
2020,K.J. Osborn,Miami (FL),WR,72,206,9.13,31.25,,4.48,18,37.5,123,4.35,7,
2020,Aaron Parker,Rhode Island,WR,73.63,209,9.13,31.13,,4.57,12,26.5,112,4.23,6.94,
2020,Dezmon Patmon,Washington State,WR,76,228,10.25,32.75,,4.48,15,36,132,4.38,7.28,
2020,Donovan Peoples-Jones,Michigan,WR,73.63,212,10.13,33.5,,4.48,,44.5,139,,,
2020,Michael Pittman,Southern California,WR,76,223,9.25,32.5,,4.52,13,36.5,121,4.14,6.96,
2020,James Proche,Southern Methodist (TX),WR,70.63,201,9.63,29.75,,,20,34.5,,4.4,7.27,
2020,Jalen Reagor,Texas Christian,WR,70.63,206,9.5,31.38,,4.47,17,42,138,4.46,7.31,
2020,Kendrick Rogers,Texas A&M,WR,76,204,9.13,33.13,,4.51,17,35.5,124,4.48,7.13,
2020,Henry Ruggs,Alabama,WR,71,188,10.13,30.5,,4.27,,42,131,,,
2020,Laviska Shenault,Colorado,WR,72.63,227,9,31.88,,4.58,17,,,,,
2020,Darrell Stewart,Michigan State,WR,74,216,9.63,32,,,15,35,117,,,
2020,Freddie Swain,Florida,WR,72,199,9,30.63,,4.46,16,36.5,124,4.26,7.05,
2020,Jeff Thomas,Miami (FL),WR,68.88,170,8.38,30.38,,4.45,,36.5,125,,,
2020,Binjimen Victor,Ohio State,WR,75.75,198,9.63,34.13,,4.6,9,35,128,,7.1,
2020,Quez Watkins,Southern Mississippi,WR,72.13,185,9,32.88,,4.35,,36.5,125,4.36,7.28,
2020,Cody White,Michigan State,WR,75,215,10,32.5,,4.66,,35.5,120,4.52,7.19,
2019,J.J. Arcega-Whiteside,Stanford,WR,74,225,9.5,33.25,,4.5,,34,119,4.41,7.23,
2019,Jaelan Austin,Texas Christian,WR,71.75,194,10,31.75,,,4,,,,,
2019,Alex Bachman,Wake Forest,WR,71.38,195,9.5,30.875,,4.47,17,33,127,4.28,6.71,
2019,Miles Boykin,Notre Dame,WR,75.75,220,9.88,33.5,,4.42,12,43.5,140,4.07,6.77,
2019,Tyre Brady,Marshall (WV),WR,74.88,211,9.75,33.63,,4.76,12,32,117,4.25,7.24,
2019,A.J. Brown,Mississippi,WR,72.5,226,9.75,32.88,,4.49,19,36.5,120,4.25,7,
2019,Marquise Brown,Oklahoma,WR,69.38,166,9,30.5,,,,,,,,
2019,Shun Brown,Arizona,WR,68.25,185,9,29.75,,4.72,,,114,4.3,7.06,
2019,Emmanuel Butler,Northern Arizona,WR,75,217,10.13,33,,4.75,11,36,115,4.22,7.41,
2019,Hakeem Butler,Iowa State,WR,77.63,227,10.75,35.25,,4.48,18,36,128,4.16,7.09,
2019,Parris Campbell,Ohio State,WR,71.88,205,9.5,32.25,,4.31,11,40,135,4.03,,
2019,Juston Christian,Marist,WR,71.63,196,9.5,31.5,,4.49,16,36,126,4.5,7.32,
2019,Jamal Custis,Syracuse,WR,76.13,214,10.88,33.88,,4.5,,34.5,124,4.46,7.23,
2019,Felton Davis,Michigan State,WR,75.5,211,10.25,32.75,,,21,,,,,
2019,Ryan Davis,Auburn,WR,69.88,189,9.25,30.88,,4.63,12,35,124,4.23,7.09,
2019,Jakari Dillard,Central Arkansas,WR,75.25,210,,,,,,,,,,
2019,Johnnie Dixon,Ohio State,WR,70.38,201,9.63,30.25,,4.41,16,37.5,120,4.43,7.38,
2019,Greg Dortch,Wake Forest,WR,67.13,173,9.25,29.25,,4.59,,33,109,4.08,6.89,
2019,Keelan Doss,UC-Davis,WR,74.75,211,9.5,31.75,,4.56,8,36,124,,,
2019,Ashton Dulin,Malone (OH),WR,73.38,215,9,33.38,,4.43,13,38,121,4.22,7,
2019,Jovon Durante,Florida Atlantic,WR,71.13,160,8.75,31.13,,4.55,,31.5,120,4.31,7,
2019,Tony Ellison,Arizona,WR,71,181,8.75,29.75,,4.68,2,30,123,4.2,6.77,
2019,Jazz Ferguson,Northwestern State (LA),WR,76.75,227,9.25,34.25,,4.45,8,37,123,4.59,7.25,
2019,Travis Fulgham,Old Dominion (VA),WR,74.38,215,9.5,33.75,,4.58,15,36.5,126,4.22,6.84,
2019,Terry Godwin,Georgia,WR,71.5,184,9.38,30,,4.55,,36.5,117,4.18,6.96,
2019,Marcus Green,Louisiana-Monroe,WR,67.88,190,9,30.75,,4.41,14,37,124,4.41,6.88,
2019,Jalen Greene,Utah State,WR,73.88,205,9.75,31.25,,4.67,16,32,122,4.46,7.09,
2019,Jalen Guyton,North Texas,WR,72.88,212,9.25,32,,4.39,13,37.5,125,4.09,6.9,
2019,Emanuel Hall,Missouri,WR,73.88,201,9.75,33.25,,4.39,15,43.5,141,,,
2019,Mecole Hardman,Georgia,WR,70.25,187,9,30.25,,4.33,17,36.5,119,4.25,6.75,
2019,Kelvin Harmon,North Carolina State,WR,74.13,221,9.5,32.5,,4.6,18,32.5,117,4.32,7.15,
2019,Treon Harris,Tennessee State,WR,71.13,196,8.63,29.875,,4.66,,29.5,117,4.55,7.28,
2019,N'Keal Harry,Arizona State,WR,74.88,228,9.5,33,,4.53,27,38.5,122,4.28,7.05,
2019,Penny Hart,Georgia State,WR,68,180,9.13,31,,4.63,18,33.5,111,4.75,7.64,
2019,Jerrod Heard,Texas,WR,73.13,201,8.88,31.875,,4.55,19,34.5,116,4.44,7.16,
2019,Corey Holmes,Morgan State (MD),WR,73.13,183,9.25,32.75,,4.54,12,38.5,133,4.08,7.34,
2019,Lil'Jordan Humphrey,Texas,WR,75.63,210,9.5,32.75,,4.75,13,33.5,119,4.29,7.09,
2019,Jalen Hurd,Baylor,WR,76.63,226,10.25,32,,4.64,23,35.5,124,4.15,,
2019,Trenton Irwin,Stanford,WR,73.5,204,8.88,31.125,,,,,,,,
2019,Andy Isabella,Massachusetts,WR,68.75,188,8.38,29.75,,4.31,15,36.5,121,4.15,6.95,
2019,Taivon Jacobs,Maryland,WR,69.75,170,8,28.875,,4.64,13,39,123,,,
2019,Gary Jennings,West Virginia,WR,73,214,9.63,32.5,,4.42,20,37,127,4.15,7.32,
2019,Anthony Johnson,Buffalo,WR,73.88,209,9.38,31.38,,4.55,18,32.5,122,,7.12,
2019,Diontae Johnson,Toledo,WR,70.5,183,9,30.75,,4.53,15,33.5,123,4.45,7.09,
2019,JonVea Johnson,Toledo,WR,70.75,188,8.88,31.375,,4.4,12,35,128,4.17,6.68,
2019,KeeSean Johnson,Frenso State (CA),WR,73.13,201,9.5,32,,4.6,14,30,117,4.23,7.28,
2019,Olabisi Johnson,Colorado State,WR,72.5,204,10.38,30.75,,4.51,14,38,124,4.16,6.88,
2019,Tyron Johnson,Oklahoma State,WR,72.88,193,9.25,30.875,,4.36,16,30,116,4.4,7.07,
2019,Derek Kief,Alabama,WR,76.5,204,8.88,32.625,,4.72,,35,125,4.32,7.07,
2019,Damarkus Lodge,Mississippi,WR,73.88,202,9.5,33.125,,4.55,11,33.5,119,4.53,7.06,
2019,Terry McLaurin,Ohio State,WR,72.13,208,9.13,31.5,,4.35,18,37.5,125,4.15,7.01,
2019,D.K. Metcalf,Mississippi,WR,75.38,228,9.88,34.875,,4.33,27,40.5,134,4.5,7.38,
2019,Jakobi Meyers,North Carolina State,WR,73.63,203,9.5,32,,4.63,13,37,118,4.23,7.07,
2019,Scott Miller,Bowling Green (OH),WR,69.13,174,8.75,29.25,,4.36,15,34,123,4.02,6.97,
2019,Dillon Mitchell,Oregon,WR,73.25,197,9,31.5,,4.46,12,36.5,122,4.29,6.93,
2019,Stanley Morgan,Nebraska,WR,72,202,9.88,32.375,,4.53,14,38.5,125,4.13,6.78,
2019,Nyqwan Murray,Florida State,WR,70.25,193,9,30.625,,4.63,8,34,113,4.4,7.2,
2019,Flynn Nagel,Northwestern,WR,71.25,188,8.38,29.25,,4.73,11,28.5,102,4.21,6.95,
2019,Kyrion Parker,Central Missouri,WR,74.75,207,10.25,33.25,,4.56,9,37,126,4.46,7.2,
2019,Tristan Payton,Central Florida,WR,71.63,197,8.25,31.5,,4.59,11,32.5,116,4.34,6.9,
2019,Michiah Quick,Frenso State (CA),WR,70.5,178,,,,,,,,,,
2019,T.J. Rahming,Duke,WR,68.25,163,8.63,29.125,,4.64,,32,114,4.63,6.88,
2019,Anthony Ratliff-Williams,North Carolina,WR,72.25,205,9.5,30.75,,4.57,14,35,126,4.38,6.9,
2019,Hunter Renfrow,Clemson,WR,70.5,180,7.88,29,,4.59,7,35,116,4.19,6.8,
2019,A.J. Richardson,Boise State,WR,71.38,202,9.5,30.125,,4.62,11,33.5,110,4.44,7.12,
2019,Riley Ridley,Georgia,WR,73.25,194,10.25,32.625,,4.58,13,30.5,124,4.28,7.22,
2019,Deebo Samuel,South Carolina,WR,71.25,214,10,31.375,,4.48,15,39,122,4.14,7.03,
2019,David Sills,West Virginia,WR,75.25,211,9,32,,4.57,14,37.5,117,4.28,6.97,
2019,Raelon Singleton,Houston,WR,74.88,208,10,32.125,,4.54,,37.5,131,4.5,7.01,
2019,Darius Slayton,Auburn,WR,73,190,10,32.75,,4.39,11,40.5,135,4.15,7,
2019,Jaylen Smith,Louisville,WR,74.25,213,9.25,32.75,,4.47,14,34.5,122,4.48,7.55,
2019,Jeff Smith,Boston College,WR,72,191,9,31.5,,4.36,15,36.5,127,4.06,6.87,
2019,TJ Smith,Lenoir-Rhyne,WR,69.5,174,8.75,31,,4.57,16,35.5,123,4.39,7,
2019,Dredrick Snelson,Central Florida,WR,71.38,189,8.75,30.625,,4.55,10,30.5,116,4.39,7.27,
2019,Jayson Stanley,Georgia,WR,73.63,209,8.5,33,,4.46,12,35,126,4.34,7.14,
2019,Brad Stewart,Georgia Tech,WR,72.75,186,8.63,30.25,,4.66,10,35,119,4.2,7.03,
2019,DeAndre Thompkins,Penn State,WR,71.25,192,9.75,31.5,,4.34,13,34,126,4.26,7.02,
2019,Cody Thompson,Toledo,WR,73.5,205,9.38,31,,4.57,19,38.5,119,4.03,6.87,
2019,Trevion Thompson,Clemson,WR,74,197,9.25,32,,4.52,,36,122,4.32,6.82,
2019,Kavontae Turpin,Texas Christian,WR,68.88,158,7.75,29.625,,4.5,2,40,129,4.25,6.65,
2019,John Ursua,Hawaii,WR,69.13,178,9.25,29.875,,4.56,17,37,120,4.16,6.77,
2019,Jamarius Way,South Alabama,WR,75.5,215,10.25,33,,4.63,16,32.5,119,4.66,7.44,
2019,Moe Ways,California,WR,75.13,218,9.88,32,,4.63,18,35,117,4.39,7.28,
2019,Alex Wesley,Northern Colorado,WR,71.88,190,9,31.25,,4.45,13,38.5,125,4.44,7.4,
2019,Antoine Wesley,Texas Tech,WR,76.13,206,9.75,34,,4.68,6,37,117,4.26,7.07,
2019,Vic Wharton,California,WR,70.63,193,9.5,29.75,,4.65,11,29,106,4.38,7.26,
2019,Reggie White,Monmouth (NJ),WR,74,208,8.5,32.5,,4.52,10,37,120,4.07,6.81,
2019,Preston Williams,Colorado State,WR,76.25,211,9.13,33,,4.61,,31.5,116,4.35,7.11,
2019,Juwann Winfree,Colorado,WR,73.13,210,9.75,31.5,,4.53,16,33,125,4.25,6.97,
2018,Deontez Alexander,Franklin,WR,73.25,196,8.63,32,,4.35,15,37.5,130,4.08,6.91,
2018,Marcell Ateman,Oklahoma State,WR,76.5,216,9.88,32.88,,4.62,13,34,121,4.25,7.07,11.94
2018,Cameron Batson,Texas Tech,WR,68.25,175,9,28.875,,4.35,14,39,124,4,6.69,
2018,Braxton Berrios,Miami (FL),WR,68.63,184,9.25,28,,4.44,11,36,110,4.18,6.72,
2018,Saeed Blacknall,Penn State,WR,74,208,9.88,33.375,,4.37,24,32.5,127,4.19,6.77,
2018,Deontay Burnett,Southern California,WR,71.63,186,8.63,31.5,,,,,,,,
2018,Deon Cain,Clemson,WR,73.88,202,8.75,33,,4.43,11,33.5,115,4.37,6.71,11.78
2018,Antonio Callaway,Florida,WR,70.63,200,9.5,31.5,,4.41,7,34,121,4.33,7,
2018,Dylan Cantrell,Texas Tech,WR,74.88,226,9.25,31.38,,4.59,18,38.5,130,4.03,6.56,10.85
2018,Darren Carrington,Utah,WR,74.25,199,10.38,32.75,,4.78,9,36,120,4.51,6.96,
2018,D.J. Chark,Louisiana State,WR,74.88,199,9.25,32.38,,4.34,16,40,129,,,
2018,James Clark,Virginia Tech,WR,69,180,8.88,29.875,,4.49,6,36.5,123,4.31,7.32,
2018,Simmie Cobbs,Indiana,WR,75.13,220,9.25,32,,4.64,11,30,113,4.32,6.7,11.2
2018,Keke Coutee,Texas Tech,WR,69.75,181,8.38,29.88,,4.43,14,34.5,113,4.15,6.93,
2018,Jawill Davis,Bethune-Cookman (FL),WR,72.88,191,9,32.5,,4.38,14,39,123,4.56,7.52,
2018,John Diarse,Texas Christian,WR,71.38,211,9.75,33.625,,4.58,14,33.5,121,4.4,7.19,
2018,Armanti Foreman,Texas,WR,71.75,205,10,32,,4.58,17,35,120,4.28,7.23,
2018,Robert Foster,Alabama,WR,73.63,196,9.25,32.13,,4.41,,31,116,4.2,6.9,11.9
2018,Daurice Fountain,Northern Iowa,WR,73.5,206,10.13,34,,4.51,14,42.5,134,4.29,7.02,
2018,Russell Gage,Louisiana State,WR,72,186,9.13,33,,4.5,15,39,122,4.25,7.03,
2018,Michael Gallup,Colorado State,WR,72.75,205,9.25,31.5,,4.51,10,36,122,4.37,6.95,11.84
2018,Donald Gray,Mississippi State,WR,69.63,204,9.25,32.25,,4.62,16,32,118,4.41,7.12,
2018,Davon Grayson,East Carolina (NC),WR,72.75,199,9.38,31.38,,4.51,19,34.5,124,4.4,7.14,
2018,Daesean Hamilton,Penn State,WR,72.63,203,9.38,31,,4.52,16,34.5,118,4.15,6.84,
2018,Quadree Henderson,Pittsburgh,WR,68,192,9.88,29.5,,4.5,12,32.5,120,4.28,6.89,
2018,Ishmael Hyman,James Madison (VA),WR,72,196,8.63,31.625,,4.45,,30,116,4.37,7.14,
2018,Richie James,Middle Tennessee State,WR,70.13,183,9.25,31.25,,4.48,6,35.5,122,4.16,6.87,11.44
2018,Adonis Jennings,Temple,WR,74.25,203,9.38,32.625,,4.57,,31,116,4.31,7.06,
2018,Ricky Jeune,Georgia Tech,WR,74.13,213,9.63,32.5,,4.56,15,36,119,4.39,6.96,
2018,Garrett Johnson,Kentucky,WR,70.25,169,8.75,30.375,,4.5,12,40,118,4.26,6.81,
2018,Christian Kirk,Texas A&M,WR,70.38,201,9.88,30.38,,4.47,20,35.5,115,4.45,7.09,12.03
2018,Keith Kirkwood,Temple,WR,74.5,221,9.5,33.75,,4.45,,35,125,4.43,6.94,
2018,Chris Lacy,Oklahoma State,WR,75,205,9.75,31.25,,4.51,11,33.5,120,4.6,7.29,
2018,Jordan Lasley,UCLA,WR,73,203,9.63,32.75,,4.5,8,34.5,112,4.19,7.27,
2018,Allen Lazard,Iowa State,WR,76.63,227,9.75,32.25,,4.55,17,38,122,4.33,7.11,
2018,Tavares Martin,Washington State,WR,72.63,177,9.13,32.13,,4.8,,31.5,111,4.52,7.09,
2018,Ray-Ray Mccloud,Clemson,WR,69.5,190,9.25,30.25,,4.53,13,34.5,113,4.32,6.89,
2018,Anthony Miller,Memphis,WR,71.13,201,10.63,31.63,,4.5,22,39,125,4.26,6.65,
2018,Steven Mitchell,Southern California,WR,70.25,189,9.38,30.38,,4.56,13,32.5,121,4.4,6.75,
2018,D.J. Moore,Maryland,WR,72,210,9.63,31.63,,4.42,15,39.5,132,4.07,6.95,11.18
2018,JMon Moore,Missouri,WR,74.63,207,9.38,32.88,,4.6,21,38,120,4.04,6.56,
2018,Charles Nelson,Oregon,WR,68.13,176,8.25,28.875,,4.57,16,31.5,114,4.35,7.06,
2018,Dante Pettis,Washington,WR,72.5,186,9.5,32.25,,,,,,,,
2018,Cam Phillips,Virginia Tech,WR,72.13,201,8.88,30.5,,4.79,12,29.5,113,4.45,7.19,
2018,Demornay Pierson-El,Nebraska,WR,68.63,194,9.63,30.875,,4.57,14,37.5,120,4.28,6.98,
2018,Brandon Powell,Florida,WR,68,181,8.88,29.25,,4.59,,32,115,4.15,6.88,
2018,Byron Pringle,Kansas State,WR,73.13,203,9.25,32,,4.46,15,33.5,120,4.4,6.87,
2018,Austin Proehl,North Carolina,WR,69.13,182,8.5,28.875,,,11,34,113,4.07,6.75,
2018,Trey Quinn,Southern Methodist (TX),WR,71.38,203,10.13,30.75,,4.55,17,33.5,116,4.19,6.91,11.4
2018,Damion Ratley,Texas A&M,WR,73.75,196,9.5,31,,4.39,12,38,124,4.23,6.92,
2018,Calvin Ridley,Alabama,WR,72.5,189,9.13,31.625,,4.43,15,31,110,4.41,6.88,
2018,Korey Robertson,Southern Mississippi,WR,72.63,212,9.13,32.875,,4.56,13,34,123,4.4,7.55,
2018,Terryon Robinson,Western Carolina,WR,69.63,194,8.88,31.5,,4.65,13,33,112,4.64,7.7,
2018,Shaq Roland,West Georgia,WR,72.63,184,8.38,31.25,,4.62,,30,112,4.44,6.9,
2018,Devin Ross,Colorado,WR,69.38,192,9.25,30.875,,4.52,16,35,123,4.23,6.94,
2018,Jaleel Scott,New Mexico State,WR,76.75,218,10,33.5,,4.56,16,34.5,124,4.4,7.2,
2018,Trent Sherfield,Vanderbilt,WR,72.25,203,9.63,31.875,,4.45,19,32.5,125,4.2,6.9,
2018,Cam Sims,Alabama,WR,75.63,212,9.63,33.25,,4.59,,34,123,4.49,7.57,
2018,Jordan Smallwood,Oklahoma,WR,74,219,9.13,31,,4.53,21,39,130,4.26,6.95,
2018,Thadd Smith,Boston College,WR,68.38,167,8.88,29.25,,4.51,10,34,120,4.43,7,
2018,TreQuan Smith,Central Florida,WR,73.75,203,9.5,33.375,,4.49,12,37.5,130,4.5,6.97,
2018,Kevin Spears,Jacksonville State (AL),WR,73.75,202,9.75,31.5,,4.69,4,,113,4.35,7.11,
2018,Equanimeous St. Brown,Notre Dame,WR,76.75,214,9.75,33,,4.48,20,34.5,,,,
2018,Courtland Sutton,Southern Methodist (TX),WR,75.38,218,9.75,32.375,,4.54,18,35.5,124,4.11,6.57,
2018,Auden Tate,Florida State,WR,76.88,228,9.38,33.75,,4.68,,31,112,4.58,7.37,
2018,Marquez Valdes-Scantling,South Florida,WR,76,206,10,32.25,,4.37,15,30.5,124,4.17,6.85,
2018,James Washington,Oklahoma State,WR,71,213,9.75,32.375,,4.54,14,34.5,120,4.32,7.11,
2018,Justin Watson,Pennsylvania,WR,74.38,215,9.25,33.75,,4.44,20,40,124,4.26,7.08,
2018,Jester Weah,Pittsburgh,WR,74.25,211,9.63,31.125,,4.43,15,38,129,4.41,7.24,
2018,KaRaun White,West Virginia,WR,73,206,9.63,32.25,,4.52,24,33.5,118,4.57,7.16,
2018,Jake Wieneke,South Dakota State,WR,76,221,9.88,33,,4.67,9,34,114,4.37,7.24,
2018,Taj Williams,Texas Christian,WR,74.88,199,9.25,32.125,,4.5,,34,124,4.44,7.05,
2018,Cedrick Wilson,Boise State,WR,74.25,197,9.75,31.5,,4.55,9,37,121,4.23,6.89,
2018,Javon Wims,Georgia,WR,74.88,215,9.25,31.5,,4.53,,33.5,113,4.53,7,
2017,Ishmael Adams,UCLA,WR,67.88,186,9,29.75,,4.5,15,27,111,4.25,7.03,
2017,Rodney Adams,South Florida,WR,73.25,189,9,32,,4.44,8,29.5,125,4.28,6.98,11.39
2017,Quincy Adeboyejo,Mississippi,WR,74.75,197,9.38,31.75,,4.42,8,34.5,123,4.14,6.73,
2017,Tommy Armstrong,Nebraska,WR,72.38,216,9.88,31,,4.57,16,37.5,123,4.11,6.76,
2017,Josh Atkinson,Tulsa (OK),WR,72.25,200,10.25,32.625,,4.74,12,33,115,4.39,7.03,
2017,Victor Bolden,Oregon State,WR,68.13,178,9,31.13,,4.54,9,32,117,4.22,6.83,11.14
2017,Kendrick Bourne,Eastern Washington,WR,73.25,203,9.13,32.5,,4.68,9,34,125,4.21,6.73,12.21
2017,Billy Brown,Shepherd (WV),WR,75.38,254,10.38,33,,4.7,23,29,118,4.14,6.9,11.75
2017,Noah Brown,Ohio State,WR,74,222,9.13,31.75,,4.56,19,,,4.33,7.07,
2017,KD Cannon,Baylor,WR,71.13,182,8.88,30.75,,4.41,13,37,119,4.2,7.1,
2017,Jehu Chesson,Michigan,WR,74.75,204,9.13,33.25,,4.47,10,35.5,132,4.09,6.7,
2017,Stacy Coley,Miami (FL),WR,72.13,195,9.75,32.25,,4.45,10,34,122,4.39,7.19,
2017,Amara Darboh,Michigan,WR,73.75,214,9.88,32.63,,4.45,17,36,124,4.26,6.81,11.88
2017,Corey Davis,Western Michigan,WR,74.75,209,9.13,33,31,,,,,4.28,,11.48
2017,Marcus Davis,Auburn,WR,69,179,9.75,30,,4.53,,31.5,114,4.46,7.49,
2017,Reggie Davis,Georgia,WR,71.63,158,9.25,31.75,,4.36,4,32,115,4.12,6.94,
2017,Reginald Davis,Texas Tech,WR,71.75,182,9.25,31,,4.44,9,35,124,4.3,6.76,
2017,Robert Davis,Georgia State,WR,74.75,219,9.63,33,,4.44,19,41,136,4.28,6.82,11.77
2017,Malachi Dupre,Louisiana State,WR,74.13,196,9,31.5,,4.52,11,39.5,135,4.26,7.19,
2017,Travin Dural,Louisiana State,WR,73,202,9,32,,4.57,,30.5,116,4.55,7.29,
2017,Amba Etta-Tawo,Syracuse,WR,73.25,208,9.13,32,,4.49,14,31,126,4.32,6.95,
2017,Isaiah Ford,Virginia Tech,WR,73.25,194,9.25,32.63,,4.61,14,35.5,127,4.34,6.94,
2017,Ahmad Fulwood,Florida,WR,76.13,202,9.25,32,,4.51,,34.5,124,4.38,7.29,
2017,Shelton Gibson,West Virginia,WR,71.13,191,8.88,32,,4.5,8,32,118,4.2,6.83,11.79
2017,Chris Godwin,Penn State,WR,73,209,9.13,31.625,,4.42,19,36,125,4,7.01,
2017,Kenny Golladay,Northern Illinois,WR,75.75,218,9.75,32,,4.5,18,35.5,120,4.15,7,
2017,Deante Gray,Texas Christian,WR,67.88,184,7.88,30.25,,4.43,12,32.5,115,4.28,7.01,
2017,Trey Griffey,Arizona,WR,74.13,209,9.75,32.125,,4.59,17,32.5,118,4.5,7.32,
2017,Chad Hansen,California,WR,73.75,202,10.13,32.13,,4.53,11,35,119,4.13,6.74,11.17
2017,Justin Hardee,Illinois,WR,72.63,197,9.5,32.25,,4.36,17,34.5,129,4.26,7.28,
2017,Keon Hatcher,Arkansas,WR,73.25,212,9.5,32,,4.64,16,,,4.28,,
2017,Carlos Henderson,Louisiana Tech,WR,70.75,199,9.13,31.38,,4.46,13,36,131,4.35,7.18,
2017,Krishawn Hogan,Marian (IN),WR,74.63,222,9.88,32.13,,4.56,13,36.5,124,4.21,6.74,
2017,Mack Hollins,North Carolina,WR,75.75,221,9.75,33.25,,4.53,,,,,,
2017,Brandon Holloway,Mississippi State,WR,67,160,9,29.75,,4.34,,38.5,122,4.09,6.87,
2017,Bug Howard,North Carolina,WR,75.63,221,10.38,33.13,,4.58,15,37.5,119,4.14,6.95,
2017,Zay Jones,East Carolina (NC),WR,73.88,201,9,32.5,,4.45,15,36.5,133,4.01,6.79,
2017,Cooper Kupp,Eastern Washington,WR,73.75,204,9.5,31.5,37,4.62,,31,116,4.08,6.75,
2017,Jerome Lane,Akron,WR,74.13,226,9.75,31.5,,4.6,16,35,125,4.12,6.87,
2017,Keevan Lucas,Tulsa (OK),WR,69.13,192,9.88,31.88,,4.55,11,32.5,119,4.43,7.23,
2017,Josh Malone,Tennessee,WR,74.63,208,9.63,31.38,,4.4,10,30.5,121,4.19,7.05,11.32
2017,Gabe Marks,Washington State,WR,70.75,189,8.75,30.38,,4.56,11,29.5,117,4.2,7.01,
2017,Isaiah McKenzie,Georgia,WR,67.25,173,8.88,28.875,,4.42,11,36,123,4.15,6.64,
2017,Alonzo Moore,Nebraska,WR,72.88,199,9.88,31.625,,4.47,,32,119,4.17,6.79,
2017,David Moore,East Central (OK),WR,72.63,219,9.5,30.625,,4.43,26,36.5,124,4.38,6.98,
2017,Drew Morgan,Arkansas,WR,71.75,190,9.5,30.38,,4.74,10,30,112,4.12,6.85,11.31
2017,Speedy Noil,Texas A&M,WR,71.13,199,9.25,30,,4.45,18,43.5,133,,,
2017,Francis Owusu,Stanford,WR,74.5,221,9,32,,4.37,12,39,127,4.13,7.07,
2017,Zach Pascal,Old Dominion (VA),WR,73.75,219,10,32,,4.55,14,36,126,4.29,7.11,
2017,James Quick,Louisville,WR,72.25,186,9,30.75,,4.6,11,31,115,4.39,7,
2017,Michael Rector,Stanford,WR,72.13,193,9.25,32.5,,4.42,13,36.5,129,4.19,6.77,
2017,Josh Reynolds,Texas A&M,WR,74.75,194,9.38,31.5,,4.52,,37,124,4.13,6.83,11.68
2017,Jalen Robinette,Air Force,WR,74.75,220,10.88,32.38,,4.62,13,31.5,120,4.46,6.77,
2017,Darreus Rogers,Southern California,WR,72.63,216,10.13,32,,4.9,8,26.5,112,4.54,7.22,11.39
2017,Fred Ross,Mississippi State,WR,72.63,213,9.25,31.25,,4.51,10,35,113,4.28,6.99,
2017,John Ross,Washington,WR,70.75,188,8.75,31.5,16,4.22,,37,133,4.33,,
2017,Travis Rudolph,Florida State,WR,72.25,189,9.25,31.88,,4.65,12,31.5,114,4.46,6.93,
2017,Curtis Samuel,Ohio State,WR,71,196,9.5,31.25,22,4.31,18,37,119,4.33,7.09,
2017,Kendall Sanders,Arkansas State,WR,70.88,196,10.25,32.5,,4.56,15,39,128,4.62,7.55,
2017,Artavis Scott,Clemson,WR,70.25,193,9.38,31,,4.61,13,31,116,4.49,7.19,
2017,Ricky Seals-Jones,Texas A&M,WR,76.63,243,9.63,33.13,,4.69,17,28,121,4.33,7.46,
2017,R.J. Shelton,Michigan State,WR,70.25,200,9,30.25,,4.64,17,32,109,4.23,6.91,
2017,Corey Smith,Ohio State,WR,72.25,183,9.13,30.625,,4.71,,35,117,4.23,7.28,
2017,JuJu Smith-Schuster,Southern California,WR,73.25,215,10.5,32.88,,4.54,15,32.5,120,5.01,6.93,
2017,Dwayne Stanford,Oregon,WR,75.25,213,10.63,33.5,,,17,,,,,
2017,Jamari Staples,Louisville,WR,75,195,9.5,33.5,,4.51,,36,130,4.14,,
2017,Tony Stevens,Auburn,WR,76,212,9.63,32.375,,4.49,12,34.5,126,4.34,7.15,
2017,ArDarius Stewart,Alabama,WR,71.25,204,9.38,32.5,20,4.49,,34,124,4.21,,11.23
2017,Manny Stocker,Pittsburgh,WR,73.38,210,9.5,31,,4.51,,33,127,4.38,7.24,
2017,Damoreea Stringfellow,Mississippi,WR,73.88,218,10.63,33.25,,4.62,17,36,130,4.54,7.25,
2017,Ryan Switzer,North Carolina,WR,68.5,181,9.25,28,,4.51,11,32,116,4,6.77,11.14
2017,Taywan Taylor,Western Kentucky,WR,71,203,9.25,32.63,,4.5,13,33.5,132,4.21,6.57,
2017,Trent Taylor,Louisiana Tech,WR,67.63,181,8.25,28.75,,4.63,13,33,117,4.01,6.74,
2017,Noel Thomas,Connecticut,WR,72.13,205,8.75,30,,4.63,9,32.5,118,,,
2017,Chris Thompson,Florida,WR,71.13,171,9.25,31.125,,4.48,6,34.5,121,4.25,7,
2017,Ryan Timmons,Kentucky,WR,70,201,8.38,29.625,,4.47,15,32,111,4.37,7.13,
2017,Greg Ward,Houston,WR,70.5,182,9.88,31.125,,4.59,10,34.5,115,4.31,6.9,
2017,Dede Westbrook,Oklahoma,WR,71.63,178,9,30.625,,4.39,8,34.5,120,4.34,7.2,
2017,Jordan Westerkamp,Nebraska,WR,71.25,194,9.38,30.5,,,,,,,,
2017,Robert Wheelwright,Wisconsin,WR,73.88,205,9.13,31.875,,4.6,15,38,128,4.14,6.68,
2017,Kermit Whitfield,Florida State,WR,67.75,185,8.5,30,,4.44,8,32.5,120,4.37,7.17,
2017,Chad Williams,Grambling State (LA),WR,72.5,207,9.75,32,,4.43,21,35.5,123,4.21,7.06,
2017,Jalen Williams,Massachusetts,WR,74.38,209,9.38,31,,4.55,14,40.5,119,,,
2017,Mike Williams,Clemson,WR,75.75,218,9.38,33.38,17,4.54,15,32.5,121,,,
2017,Dontre Wilson,Ohio State,WR,70.13,183,8.5,30.625,,4.58,,33,112,4.1,6.96,
2017,Jesus Wilson,Florida State,WR,69.13,189,9.38,31.375,,4.57,10,,119,4.57,,
2017,DeAngelo Yancey,Purdue,WR,73.63,220,9.75,32.875,,4.53,21,35.5,121,4.27,6.84,
2017,Ishmael Zamora,Baylor,WR,75.5,224,8.38,33,,4.53,13,34,120,4.31,7.16,
2016,Bralon Addison,Oregon,WR,69.25,197,9.13,29.5,,4.66,13,34.5,116,4.14,6.95,11.53
2016,Geronimo Allison,Illinois,WR,75.25,196,9.5,32.88,,4.67,,33,127,4.28,7.4,11.54
2016,Robby Anderson,Temple,WR,74.88,187,8.63,30,,4.36,8,36.5,128,4.27,7.07,
2016,Demarcus Ayers,Houston,WR,69.38,182,9.25,31.25,,4.72,,33,123,4.35,7.3,
2016,Moritz Boehringer,Schwabisch Hall,WR,76.5,227,9.5,32.625,,4.49,17,39,131,4.09,6.64,
2016,Tyler Boyd,Pittsburgh,WR,73.5,197,9.75,32,,4.58,11,34,119,4.35,6.9,
2016,Daniel Braverman,Western Michigan,WR,69.88,175,9.13,28.75,,4.53,10,28.5,112,4.16,6.88,
2016,Chris Brown,Notre Dame,WR,74,194,9,32.25,,4.5,14,33.5,130,4.41,7.37,
2016,Aaron Burbridge,Michigan State,WR,72,206,8.25,31.63,,4.56,20,30.5,115,4.31,7.22,11.9
2016,Devon Cajuste,Stanford,WR,75.75,234,10.75,33,,4.62,12,36,123,4.2,6.49,11.5
2016,Leonte Carroo,Rutgers,WR,71.88,211,9.63,31.38,,4.5,14,35.5,120,,,
2016,Corey Coleman,Baylor,WR,70.63,194,9,30.25,,4.4,17,40.5,129,,,
2016,Pharoh Cooper,South Carolina,WR,71.13,203,9.13,32.25,,4.65,15,31,115,4.26,7.15,
2016,Cody Core,Mississippi,WR,74.63,205,10.38,32,,4.47,14,31.5,119,4.34,6.78,
2016,Quinshad Davis,North Carolina,WR,75.38,218,9.63,33.375,,4.69,17,31.5,113,4.35,7.07,
2016,Trevor Davis,California,WR,73.13,188,10,31,,4.42,11,38.5,124,4.22,6.6,10.94
2016,Josh Doctson,Texas Christian,WR,74,202,9.88,31.88,,4.5,14,41,131,4.08,6.84,11.06
2016,D.J. Foster,Arizona State,WR,70.25,193,9.25,30.5,,4.57,14,35.5,117,4.07,6.75,11.12
2016,Devin Fuller,UCLA,WR,72,194,9.5,30.5,,4.39,,36,124,4.07,7.03,
2016,Will Fuller,Notre Dame,WR,72.13,186,8.25,30.75,,4.32,10,33.5,126,4.27,6.93,11.44
2016,Keyarris Garrett,Tulsa (OK),WR,75.38,220,9,34.5,,4.53,14,36.5,128,4.33,7.3,11.72
2016,Jakeem Grant,Texas Tech,WR,65.88,165,8.63,29.75,,4.37,15,36.5,117,4.03,7.03,
2016,Rashard Higgins,Colorado State,WR,73.38,196,9.75,32.25,,4.64,13,32,116,4.52,7.19,
2016,Tyreek Hill,West Alabama,WR,68.13,185,8,30.5,,4.29,13,40.5,129,4.06,6.53,
2016,Johnny Holton,Cincinnati,WR,72.63,190,9.88,32.88,,4.54,8,31.5,123,4.2,6.9,
2016,Daje Johnson,Texas,WR,68.38,184,8.88,27.875,,4.48,18,38,122,,,
2016,Marcus Johnson,Texas,WR,72.88,204,9.25,31.875,,4.39,22,37,135,4.39,7.26,
2016,Cayleb Jones,Arizona,WR,74.63,209,9.25,32.75,,4.65,9,33.5,112,4.14,6.99,11.46
2016,Malachi Jones,Appalachian State (NC),WR,73.75,211,9.63,32.25,,4.53,14,37.5,125,4.3,6.9,
2016,Kenny Lawler,California,WR,74.5,203,10.5,33.38,,4.64,,31,111,4.2,7.13,11.28
2016,Roger Lewis,Bowling Green (OH),WR,72.38,201,9.75,32,,4.57,8,33.5,116,4.45,7.58,
2016,Kolby Listenbee,Texas Christian,WR,72,197,8.25,31.38,,4.39,15,35.5,129,,,
2016,Ricardo Louis,Auburn,WR,73.75,215,9.5,32.38,,4.43,18,38,132,4.32,7.07,
2016,Devin Lucien,Arizona State,WR,72.5,201,10.13,31.875,,4.49,13,34.5,117,4.3,6.93,
2016,Byron Marshall,Oregon,WR,69.38,201,9.5,30.25,,4.56,17,29.5,111,4.19,6.99,
2016,Jalin Marshall,Ohio State,WR,70.5,200,9.63,31.5,,4.6,16,37.5,125,4.13,6.8,
2016,Mitch Mathews,Brigham Young,WR,77.63,222,10.38,32.75,,4.49,12,36,129,4.25,6.99,
2016,KJ Maye,Minnesota,WR,68.13,191,8.25,30.5,,4.61,10,33,113,4.35,7.18,
2016,Mekale McKay,Cincinnati,WR,75.63,207,9.5,30.63,,4.55,12,35,123,4.63,7.08,11.89
2016,Jaydon Mickens,Washington,WR,69.88,174,9,28.875,,4.54,13,35.5,121,3.93,6.62,
2016,Braxton Miller,Ohio State,WR,73.38,201,9.13,31.75,,4.5,17,35,123,4.07,6.65,10.84
2016,Malcolm Mitchell,Georgia,WR,71.63,198,10.5,32.63,,4.45,15,36,129,4.34,6.94,
2016,Chris Moore,Cincinnati,WR,73,206,9.38,33.38,,4.53,10,37,130,4.2,6.76,11.37
2016,Joe Morrow,Mississippi State,WR,75.63,211,8.63,33.875,,,,,,,,
2016,Durron Neal,Oklahoma,WR,71,194,9.25,30.5,,4.54,13,32.5,121,4.46,7.22,
2016,Dennis Norfleet,Tuskegee (AL),WR,66.25,159,8.5,27.5,,4.64,,30.5,115,4.32,6.77,
2016,Marquez North,Tennessee,WR,74.5,223,10.25,33.38,,4.48,17,35,123,4.13,6.9,
2016,Jordan Payton,UCLA,WR,73.13,207,10.13,32.5,,4.47,,34.5,121,4.33,7.08,
2016,Charone Peake,Clemson,WR,74.38,209,9.25,34,,4.45,12,35.5,122,4.46,6.96,11.69
2016,Latroy Pittman,Florida,WR,70.88,207,10,32.25,,4.69,14,29,103,4.75,7.28,
2016,Darius Powe,California,WR,74.88,220,9,33.5,,4.49,17,34.5,120,4.29,6.94,
2016,Demarcus Robinson,Florida,WR,73.38,203,9.5,33,,4.59,9,34.5,123,4.19,6.77,
2016,Devonte Robinson,Utah State,WR,73.25,188,8.88,30.25,,4.33,,38,128,4.38,7.33,
2016,Alonzo Russell,Toledo,WR,75.63,206,9.5,33.88,,4.54,12,29.5,112,4.33,7.18,11.88
2016,Rashawn Scott,Miami (FL),WR,72.88,199,9.38,31.38,,4.54,17,32.5,116,4.33,6.88,
2016,Canaan Severin,Virginia,WR,74.13,212,9.75,33.125,,,,,,,,
2016,Hunter Sharp,Utah State,WR,71.5,198,9.38,31.63,,4.58,12,32.5,116,4.19,7.12,11.4
2016,Tajae Sharpe,Massachusetts,WR,74,194,8.38,32.25,,4.55,11,33.5,114,,,
2016,Sterling Shepard,Oklahoma,WR,70.25,194,9.75,30.38,,4.48,20,41,123,4.35,7,
2016,Brandon Shippen,Temple,WR,70.63,195,9,30.375,,4.55,17,31.5,117,4.2,6.76,
2016,Nelson Spruce,Colorado,WR,73.13,206,10,30,,4.69,12,35,114,4.2,7.09,11.9
2016,Michael Thomas,Ohio State,WR,74.75,212,10.5,32.13,,4.57,18,35,126,4.13,6.8,11.7
2016,Mike Thomas,Southern Mississippi,WR,73.25,193,9.38,31.375,,4.54,16,36,126,4.26,7.06,
2016,Laquon Treadwell,Mississippi,WR,74,221,9.5,33.38,,4.64,12,33,117,4.3,7.04,
2016,Bryce Treggs,California,WR,71.38,190,9.13,30.875,,4.39,16,34,122,4.19,7,
2016,Damien Washington,North Carolina,WR,71.88,190,9,31.625,,4.47,16,35,122,4.31,6.82,
2016,Herb Waters,Miami (FL),WR,71.75,188,9.25,32.625,,4.51,14,38.5,121,4.1,6.73,
2016,Andrew Williams,Youngstown State (OH),WR,74.63,191,9.88,31.5,,4.67,13,38.5,126,4.32,7.13,
2016,Duke Williams,Auburn,WR,74.25,229,9.25,32.5,,4.72,14,30,121,4.47,7.43,
2016,DeRunnya Wilson,Mississippi State,WR,76.63,224,9.25,33.88,,4.85,13,28,113,4.52,7.21,
2015,Nelson Agholor,Southern California,WR,72.13,198,9.25,32.25,,4.42,12,36.5,125,4.34,6.83,
2015,Mario Alford,West Virginia,WR,68.5,180,9.38,31.25,,4.43,13,34,121,4.07,6.64,11.22
2015,Dres Anderson,Utah,WR,73.13,187,9.38,31.63,,4.53,13,,121,4.22,6.83,
2015,DeJuan Beard,Washburn (KS),WR,73,195,,,,4.56,,,,,,
2015,Kenny Bell,Nebraska,WR,73.13,197,9.25,31.63,,4.42,7,41.5,129,4.15,6.66,11.6
2015,Michael Bennett,Georgia,WR,73.63,202,10.25,33.63,,4.59,,,,,,
2015,Da'Ron Brown,Northern Illinois,WR,72.13,205,10.25,32,,4.54,17,37,120,4.11,7.04,
2015,Damiere Byrd,South Carolina,WR,69.25,162,8,29.875,,4.39,13,42,131,4.09,6.59,
2015,DeAndre Carter,Sacramento State (CA),WR,68.5,186,8.75,30.625,,4.48,17,38.5,126,3.8,6.64,
2015,Marquez Clark,Central Oklahoma,WR,70.25,190,10,32,,4.58,12,34,124,4.23,7.07,
2015,Kaelin Clay,Utah,WR,69.63,195,9,30.88,,4.51,10,33,113,4.26,6.97,
2015,Sammie Coates,Auburn,WR,73.38,212,9.38,33.38,14,4.43,23,41,131,4.06,6.98,11.81
2015,Chris Conley,Georgia,WR,73.88,213,9.88,33.75,,4.35,18,45,139,4.3,7.06,11.65
2015,Kenny Cook,Gardner-Webb (NC),WR,75.38,215,10.38,34.5,,4.56,12,33,120,4.37,7.13,
2015,Amari Cooper,Alabama,WR,72.88,211,10,31.5,21,4.42,,33,120,3.98,6.71,
2015,Jamison Crowder,Duke,WR,68.38,185,8.75,30.38,,4.56,10,37,115,4.32,7.17,
2015,DaVaris Daniels,Notre Dame,WR,73.5,201,9,31.25,,4.62,13,37,122,4.35,6.81,
2015,Andre Davis,South Florida,WR,72.88,207,9.5,34,,4.55,,32,118,4.33,7.09,
2015,Devante Davis,Nevada Las Vegas,WR,74.88,220,9.5,32.38,,4.57,16,35.5,115,4.12,7.25,11.6
2015,Geremy Davis,Connecticut,WR,74.38,216,9.5,32.25,,4.58,23,36.5,124,4.18,6.86,11.28
2015,Titus Davis,Central Michigan,WR,72.75,196,8.25,29.63,,4.51,,32.5,119,4.28,7.14,
2015,Andre Debose,Florida,WR,71.63,190,8.63,32.25,,4.49,12,37.5,123,4.09,6.93,
2015,Stefon Diggs,Maryland,WR,72,195,10,31.25,,4.46,11,35,115,4.32,7.03,
2015,Phillip Dorsett,Miami (FL),WR,69.75,185,9.38,30.25,,4.33,13,37,122,4.11,6.7,
2015,Quinton Dunbar,Florida,WR,73.63,195,9.5,32.625,,4.44,7,35,120,4.16,7.1,
2015,Lemar Durant,Simon Fraser (Canada),WR,73.63,231,10,31.125,,4.59,27,37,117,4.56,7.18,
2015,George Farmer,Southern California,WR,72.75,220,8.63,33,,4.38,19,34.5,123,4.27,7,
2015,Clay Fuller,Baylor,WR,73,210,,,,4.55,,,,,,
2015,Devin Funchess,Michigan,WR,76.25,232,9.75,33.5,,4.7,17,38.5,122,4.48,6.98,
2015,Devin Gardner,Michigan,WR,75.5,217,9.5,33.125,,4.62,15,35.5,117,4.42,6.96,
2015,Keyarris Garrett,Tulsa (OK),WR,75,206,9,34.5,,4.64,14,36.5,128,4.33,7.3,11.72
2015,Antwan Goodley,Baylor,WR,70.25,209,9.25,30.75,,4.44,,35,127,4.38,7.19,
2015,Christian Green,Florida State,WR,72.75,196,9,31.25,,4.54,16,34,122,4.45,7.04,
2015,Dorial Green-Beckham,Oklahoma,WR,77.13,237,9,32.5,20,4.49,13,33.5,119,4.45,6.89,11.89
2015,Deontay Greenberry,Houston,WR,73,198,9.5,31.25,,4.64,21,35.5,116,4.31,7.23,
2015,Rashad Greene,Florida State,WR,71.38,182,9,31.63,24,4.53,,36.5,122,4.12,6.88,
2015,Rannell Hall,Central Florida,WR,72.38,198,8.63,30.5,,4.6,16,41,132,4.15,6.86,
2015,Justin Hardy,East Carolina (NC),WR,70.25,192,10,32.13,,4.56,11,36.5,114,4.21,6.63,
2015,Chris Harper,California,WR,70.75,176,9.13,31.875,,4.53,11,35,120,4.36,7.03,
2015,Josh Harper,Frenso State (CA),WR,72.88,191,8.75,30.88,,4.64,13,32,108,4.36,7.15,12.26
2015,R.J. Harris,New Hampshire,WR,71.88,191,9.13,33.125,,4.68,18,37.5,127,4.2,7.23,
2015,Nick Harwell,Kansas,WR,71.25,193,9.63,30.125,,4.57,9,34.5,123,4.2,6.73,
2015,Austin Hill,Arizona,WR,74.13,214,9.75,31.625,,4.59,17,36.5,121,4.11,6.72,
2015,Anthony Johnson,West Texas A&M,WR,73.75,194,10.38,33,,4.56,20,24.5,102,4.83,7.93,
2015,Vernon Johnson,Texas A&M-Commerce,WR,72,188,9.75,31.375,,4.47,18,37,127,4.47,7.37,
2015,Chris Jones,Alabama,WR,70.13,182,9,32.75,,4.63,8,32.5,119,4.19,6.91,
2015,Tebucky Jones,Fordham (NY),WR,71,197,,,,4.53,,,,,,
2015,Tony Jones,Northwestern,WR,71.38,197,8.88,30.75,,4.42,,,,,,
2015,Malcome Kennedy,Texas A&M,WR,71.25,207,9.75,31.25,,4.57,10,31.5,119,4.26,7.1,
2015,Nigel King,Kansas,WR,74.13,213,9.5,31.625,,4.57,15,39.5,128,4.38,,
2015,Jake Kumerow,Wisconsin-Whitewater,WR,76.5,209,9.5,31.875,,4.54,15,31,113,4.26,6.9,
2015,Dez Lewis,Central Arkansas,WR,75.75,214,9.88,32.5,,4.58,16,33.5,119,4.28,7.11,
2015,Jameon Lewis,Mississippi State,WR,68.25,184,9.25,29.25,,4.57,11,29,110,4.43,7.21,
2015,Tony Lippett,Michigan State,WR,74.5,192,9.88,32.75,,4.61,10,36,114,4.13,6.92,11.44
2015,Tyler Lockett,Kansas State,WR,69.88,182,8.38,30,,4.4,,35.5,121,4.07,6.89,11.14
2015,Deon Long,Maryland,WR,71.63,192,9.5,31,,4.51,12,34,120,4.27,6.98,
2015,Keanon Lowe,Oregon,WR,68.88,186,8.75,30.375,,4.46,10,35.5,108,4.33,6.94,
2015,Donatella Luckett,Harding (AR),WR,71.75,211,9.25,31,,4.65,17,34,118,4.5,7.51,
2015,Kevonte Martin-Manley,Iowa,WR,72.13,205,9.38,32.125,,4.56,,35.5,124,4.21,6.94,
2015,Vince Mayle,Washington State,WR,74,224,9,31.75,,4.67,,35.5,117,4.13,6.93,
2015,Tre McBride,William & Mary (VA),WR,72.25,210,9,32.13,,4.41,16,38,122,4.08,6.96,11.7
2015,Justin McCay,Kansas,WR,74.13,210,9,33.25,,4.54,12,33,113,4.58,7.33,
2015,Matt Miller,Boise State,WR,74.88,220,8.88,32.5,,4.79,9,34,114,4.43,7.12,
2015,Matt Milton,Louisville,WR,77.38,205,8.88,34,,4.62,16,36,126,4.53,6.92,
2015,Ty Montgomery,Stanford,WR,71.88,221,10.13,31,,4.55,16,40.5,121,4.21,6.97,11.57
2015,Keith Mumphery,Michigan State,WR,71.63,215,9.13,31.13,,4.54,15,32.5,121,4.25,7.07,
2015,J.J. Nelson,Alabama-Birmingham,WR,70.25,156,8.25,31.13,,4.28,,36,127,4.15,7.02,11.89
2015,Levi Norwood,Baylor,WR,72.5,193,9.63,30.875,,4.52,,34.5,123,4.19,6.78,
2015,DeVante Parker,Louisville,WR,74.63,209,9.25,33.25,15,4.45,17,36.5,125,,,
2015,Breshad Perriman,Central Florida,WR,74,212,9.25,32,,4.52,18,36.5,127,,,
2015,Shakim Phillips,Boston College,WR,73,206,9.5,32.375,,4.42,17,39,127,4.33,6.97,
2015,Kyle Prater,Northwestern,WR,77.13,228,10.38,33.25,,4.58,20,31,121,4.24,7.07,
2015,Addison Richards,Regina (Canada),WR,76.38,209,8.25,30.5,,4.67,,,,,,
2015,Jamal Robinson,Louisiana-Lafayette,WR,75,205,,,,4.57,,,,,,
2015,Ezell Ruffin,San Diego State,WR,71.63,218,8.75,31.13,,4.68,17,27.5,110,4.58,7.35,12.59
2015,Dominic Rufran,Wyoming,WR,71.5,188,9.13,30.5,,4.55,18,33.5,121,4.29,7.21,
2015,Bud Sasser,Missouri,WR,74.63,210,10.13,33,,4.62,18,34.5,120,4.38,6.88,
2015,Ross Scheuerman,Lafayette (PA),WR,71.88,204,8.75,30,,4.62,15,33,121,4.11,7.08,11.4
2015,Dawon Scott,Miami (OH),WR,71,194,,,,4.54,,,,,,
2015,Jaxon Shipley,Texas,WR,72.13,193,9.25,30.875,,4.54,10,35.5,128,4.37,6.82,
2015,Tommy Shuler,Marshall (WV),WR,67,188,,,,4.68,,,,,,
2015,DeAndre Smelter,Georgia Tech,WR,74.13,226,11,32.63,,4.58,,,,,,
2015,Devin Smith,Ohio State,WR,72.38,196,9,31,,4.42,10,39,122,4.15,6.83,
2015,Evan Spencer,Ohio State,WR,73.38,208,10.13,31.875,,4.54,20,35,124,4.29,7.03,
2015,Neal Sterling,Monmouth (NJ),WR,75.38,238,9.63,33.125,,4.63,16,35.5,116,4.25,7.07,
2015,Jaelen Strong,Arizona State,WR,74.38,217,9,32.5,22,4.44,,42,123,4.21,7.34,
2015,Tacoi Sumler,Appalachian State (NC),WR,67.63,175,9.25,29.375,,4.42,13,33,118,4.4,6.96,
2015,Jordan Taylor,Rice (TX),WR,76.38,204,9.25,32.75,,4.54,9,36.5,122,4.46,6.69,
2015,Darren Waller,Georgia Tech,WR,78.13,238,9,33.25,,4.46,12,37,125,4.25,7.07,11.35
2015,Jarrod West,Syracuse,WR,73.88,209,10.25,30.75,,4.53,19,35.5,122,4.19,7.06,
2015,Brandon White,San Diego,WR,74.13,205,,,,,,,,,,
2015,Darius White,Missouri,WR,75,208,9.38,31.75,,4.56,13,37.5,124,4.59,7.12,
2015,DeAndrew White,Alabama,WR,71.5,193,9.13,31,,4.44,,34.5,118,4.18,6.97,
2015,Kevin White,West Virginia,WR,74.63,215,9.25,32.63,,4.35,23,36.5,123,4.14,6.92,11.52
2015,Jackie Williams,Central Florida,WR,69.63,190,9.13,31.25,,4.59,17,39.5,129,4.34,6.58,
2015,Kasen Williams,Washington,WR,73.5,219,9.25,32.625,,4.54,17,35.5,119,4.47,7.05,
2015,Tyrell Williams,Western Oregon,WR,75.5,204,9.88,33.5,,4.43,,39.5,127,4.17,6.74,
2015,Demetrius Wilson,Arkansas,WR,73.38,185,9.25,31,,4.49,4,35,124,4.34,6.65,
2015,Cam Worthy,East Carolina (NC),WR,74.25,211,10.13,33.5,,4.59,12,,,,,
2015,J.J. Worton,Central Florida,WR,73,209,9.88,30.75,,4.63,,,,,,
2015,Shane Wynn,Indiana,WR,66,167,8.88,29.5,,4.38,13,36,120,4.25,6.89,
2014,Jared Abbrederis,Wisconsin,WR,73,195,9.63,31.38,32,4.5,4,30.5,116,4.08,6.8,11.39
2014,Davante Adams,Frenso State (CA),WR,72.88,212,9,32.63,,4.56,14,39.5,123,4.3,6.82,
2014,Torrence Allen,West Texas A&M,WR,72,183,8.88,32.375,,4.41,15,40,129,4.56,7.14,
2014,Dri Archer,Kent State (OH),WR,67.75,173,8.88,31,,4.26,20,38,122,4.06,6.86,
2014,Odell Beckham,Louisiana State,WR,71.25,198,10,32.75,,4.43,7,38.5,122,3.94,6.69,10.93
2014,Kelvin Benjamin,Florida State,WR,77,240,10.25,34.88,7,4.61,13,32.5,117,4.39,7.33,12.08
2014,Chris Boyd,Vanderbilt,WR,76,206,9.63,32.63,,4.73,12,,,,,
2014,Corey Brown,Ohio State,WR,71.38,178,9.38,31.75,,4.51,,33,115,4.22,7.16,11.94
2014,John Brown,Pittsburg State (KS),WR,70,179,8.5,30.5,,4.34,8,36.5,117,4.12,6.91,11.4
2014,Martavis Bryant,Clemson,WR,75.75,211,9.5,32.63,14,4.42,16,39,123,4.15,7.18,
2014,Isaiah Burse,Frenso State (CA),WR,70.38,188,8.38,30.25,,4.58,16,31,114,3.94,6.74,11.53
2014,Trey Burton,Florida,WR,74.13,224,9.38,31,,4.62,,30,111,4.32,7.14,
2014,Michael Campanaro,Wake Forest,WR,69.38,192,9.75,30,,4.46,20,39,122,4.01,6.77,
2014,Brandon Coleman,Rutgers,WR,78,225,9.25,34,,4.56,21,32.5,,4.51,7.33,
2014,Kain Colter,Northwestern,WR,70.5,198,10,31,,4.71,11,,,4.2,6.68,
2014,Brandin Cooks,Oregon State,WR,69.75,189,9.63,30.75,,4.33,16,36,120,3.81,6.76,10.72
2014,Damian Copeland,Louisville,WR,71,184,9,31.38,,4.5,12,40,120,3.9,6.53,10.84
2014,Mike Davis,Texas,WR,72,197,9.38,30.25,,4.52,10,34,116,4.18,7,11.65
2014,Bruce Ellington,South Carolina,WR,69.38,197,9.63,31,,4.45,15,39.5,120,3.95,6.69,11.12
2014,Quincy Enunwa,Nebraska,WR,74,225,9.5,32.63,,4.41,19,,,,,
2014,Mike Evans,Texas A&M,WR,76.75,231,9.63,35.13,25,4.53,12,37,,4.26,7.08,11.58
2014,Shaquelle Evans,UCLA,WR,73.25,213,9.38,32,,4.51,13,34.5,122,4.21,7.07,
2014,Bennie Fowler,Michigan State,WR,73.25,217,9.5,32,,4.52,18,36,125,4.18,7.06,11.52
2014,Austin Franklin,New Mexico State,WR,70.63,189,10,31.25,,4.56,7,36,123,4.33,7.07,11.7
2014,Jeremy Gallon,Michigan,WR,67.5,185,9.38,29.5,,4.49,15,39.5,130,4.26,7.07,
2014,Ryan Grant,Tulane (LA),WR,72.38,199,9.63,31,,4.64,8,35.5,117,4.11,6.68,11.63
2014,Matt Hazel,Coastal Carolina (SC),WR,73,198,9.13,31.38,,4.5,15,36.5,116,4.2,7.08,11.6
2014,Robert Herron,Wyoming,WR,69.13,193,9.75,30.5,,4.48,18,35.5,124,4.27,6.84,
2014,Cody Hoffman,Brigham Young,WR,75.88,223,9.75,33.25,,4.65,13,27.5,108,4.2,6.89,
2014,Josh Huff,Oregon,WR,71.25,206,9.38,31.25,,4.51,14,35.5,115,4.12,6.96,
2014,Allen Hurns,Miami (FL),WR,73.25,198,9.25,32,,4.55,14,31,120,4.5,7.23,
2014,Jeff Janis,Saginaw Valley State (MI),WR,74.88,219,9,32.5,,4.42,20,37.5,123,3.98,6.64,
2014,T.J. Jones,Notre Dame,WR,71.63,188,10,30.625,,4.48,,33,117,4.27,6.82,
2014,Jarvis Landry,Louisiana State,WR,71.5,205,10.25,31.75,,4.65,12,28.5,110,4.59,7.56,
2014,Cody Latimer,Indiana,WR,74.5,215,9.63,32.63,,4.52,23,39,,,,
2014,Marqise Lee,Southern California,WR,71.75,192,9.5,31.75,,4.52,11,38,126,4.01,6.96,
2014,Marcus Lucas,Missouri,WR,75.75,218,9.38,33.63,,4.6,20,36,123,4.25,7.07,
2014,Jordan Matthews,Vanderbilt,WR,75.13,212,10.38,33.25,29,4.46,21,35.5,120,4.18,6.95,11.84
2014,Donte Moncrief,Mississippi,WR,74.38,221,9.13,32.38,,4.4,13,39.5,132,4.3,7.02,
2014,Kevin Norwood,Alabama,WR,74,198,10,32.13,,4.48,8,33,121,4.32,6.68,11.46
2014,Walter Powell,Murray State (KY),WR,71.38,189,9.5,31.625,,4.63,10,31.5,120,4.23,6.7,
2014,Tevin Reese,Baylor,WR,70.5,163,8.63,31.63,,4.46,,41,132,4.18,6.63,
2014,Paul Richardson,Colorado,WR,72.38,175,8.88,32.63,,4.4,,38,123,4.23,7.09,
2014,Allen Robinson,Penn State,WR,74.63,220,9.5,32,,4.6,,39,126,4,7,11.36
2014,Jalen Saunders,Oklahoma,WR,68.88,165,8.88,30,,4.44,,34,122,4.34,7.29,
2014,Willie Snead,Ball State (IN),WR,71,195,10.25,33,,4.62,11,33.5,112,4.39,7.19,11.96
2014,Josh Stewart,Oklahoma State,WR,69.88,178,9.38,30,,4.69,11,35,116,4.33,7.1,
2014,Devin Street,Pittsburgh,WR,74.88,198,9.25,33.38,,4.55,,37,123,4.01,6.89,
2014,L'Damian Washington,Missouri,WR,75.88,195,9,33.38,,4.46,8,32,114,4.35,7.19,
2014,Sammy Watkins,Clemson,WR,72.75,211,9.63,32,,4.43,16,34,125,4.34,6.95,
2014,Albert Wilson,Georgia State,WR,69.38,202,9.13,30.38,,4.43,10,37.5,123,4.21,7,
